produto	titulo	arquivo_fonte	origem
adesivo-automotivo	Adesivo Automotivo	adesivo-automotivo.png	IA exclusiva
adesivo-blackout	Adesivo Blackout	adesivo-blackout.png	IA exclusiva
adesivo-leitoso	Adesivo Leitoso	adesivo-leitoso.png	IA exclusiva
adesivo-para-parede	Adesivo para Parede	adesivo-para-parede.png	IA exclusiva
adesivo-para-piso	Adesivo para Piso	adesivo-para-piso.png	IA exclusiva
adesivo-para-vitrine	Adesivo para Vitrine	adesivo-para-vitrine.png	IA exclusiva
adesivo-perfurado	Adesivo Perfurado	adesivo-perfurado.png	IA exclusiva
adesivo-recorte-especial	Adesivo Recorte Especial	adesivo-recorte-especial.png	IA exclusiva
adesivo-transparente	Adesivo Transparente	adesivo-transparente.png	IA exclusiva
adesivo-vinil	Adesivo Vinil	adesivo-vinil.png	IA exclusiva
agendas	Agendas	agendas.png	IA exclusiva
apostilas	Apostilas	apostilas.png	IA exclusiva
apresentacoes	Apresentações	apresentacoes.png	IA exclusiva
arte-final	Arte Final	arte-final.png	IA exclusiva
assinatura-de-e-mail	Assinatura de E-mail	assinatura-de-e-mail.png	IA exclusiva
backdrop	Backdrop	backdrop.png	IA exclusiva
banner-roll-up	Banner Roll-up	banner-roll-up.png	IA exclusiva
banners	Banners	banners.png	IA exclusiva
blocos-autocopiativos	Blocos Autocopiativos	blocos-autocopiativos.png	IA exclusiva
blocos	Blocos	blocos.png	IA exclusiva
bones	Bonés	bones.png	IA exclusiva
brindes-corporativos	Brindes Corporativos	brindes-corporativos.png	IA exclusiva
cadernos	Cadernos	cadernos.png	IA exclusiva
caixas-personalizadas	Caixas Personalizadas	caixas-personalizadas.png	IA exclusiva
calendarios	Calendários	calendarios.png	IA exclusiva
canecas	Canecas	canecas.png	IA exclusiva
cardapios	Cardápios	cardapios.png	IA exclusiva
cartao-de-visita	Cartão de Visita	cartao-de-visita.png	IA exclusiva
cartao-duplo	Cartão Duplo	cartao-duplo.png	IA exclusiva
cartao-metalizado	Cartão Metalizado	cartao-metalizado.png	IA exclusiva
cartao-pvc	Cartão PVC	cartao-pvc.png	IA exclusiva
cartazes	Cartazes	cartazes.png	IA exclusiva
catalogo-digital	Catálogo Digital	catalogo-digital.png	IA exclusiva
catalogos	Catálogos	catalogos.png	IA exclusiva
cavaletes	Cavaletes	cavaletes.png	IA exclusiva
chaveiros	Chaveiros	chaveiros.png	IA exclusiva
cintas	Cintas	cintas.png	IA exclusiva
convites	Convites	convites.png	IA exclusiva
copos	Copos	copos.png	IA exclusiva
criacao-de-logotipo	Criação de Logotipo	criacao-de-logotipo.png	IA exclusiva
diagramacao	Diagramação	diagramacao.png	IA exclusiva
display-em-l	Display em L	display-em-l.png	IA exclusiva
displays-de-mesa	Displays de Mesa	displays-de-mesa.png	IA exclusiva
displays	Displays	displays.png	IA exclusiva
ecobags	Ecobags	ecobags.png	IA exclusiva
embalagens-delivery	Embalagens Delivery	embalagens-delivery.png	IA exclusiva
envelopamento-de-veiculos	Envelopamento de Veículos	envelopamento-de-veiculos.png	IA exclusiva
envelopamento-de-vitrines	Envelopamento de Vitrines	envelopamento-de-vitrines.png	IA exclusiva
envelopes	Envelopes	envelopes.png	IA exclusiva
etiquetas	Etiquetas	etiquetas.png	IA exclusiva
fachadas-em-lona	Fachadas em Lona	fachadas-em-lona.png	IA exclusiva
fachadas	Fachadas	fachadas.png	IA exclusiva
faixas	Faixas	faixas.png	IA exclusiva
flyers	Flyers	flyers.png	IA exclusiva
folders	Folders	folders.png	IA exclusiva
garrafas	Garrafas	garrafas.png	IA exclusiva
identidade-visual	Identidade Visual	identidade-visual.png	IA exclusiva
impressao-em-canvas	Impressão em Canvas	impressao-em-canvas.png	IA exclusiva
impressao-uv	Impressão UV	impressao-uv.png	IA exclusiva
jornais	Jornais	jornais.png	IA exclusiva
kits-empresariais	Kits Empresariais	kits-empresariais.png	IA exclusiva
lacres	Lacres	lacres.png	IA exclusiva
landing-pages	Landing Pages	landing-pages.png	IA exclusiva
letra-caixa	Letra Caixa	letra-caixa.png	IA exclusiva
livros	Livros	livros.png	IA exclusiva
lonas	Lonas	lonas.png	IA exclusiva
manual-da-marca	Manual da Marca	manual-da-marca.png	IA exclusiva
marcadores-de-pagina	Marcadores de Página	marcadores-de-pagina.png	IA exclusiva
mouse-pads	Mouse Pads	mouse-pads.png	IA exclusiva
panfletos	Panfletos	panfletos.png	IA exclusiva
papel-timbrado	Papel Timbrado	papel-timbrado.png	IA exclusiva
papelaria-corporativa	Papelaria Corporativa	papelaria-corporativa.png	IA exclusiva
pastas	Pastas	pastas.png	IA exclusiva
placas-de-acrilico	Placas de Acrílico	placas-de-acrilico.png	IA exclusiva
placas-de-sinalizacao	Placas de Sinalização	placas-de-sinalizacao.png	IA exclusiva
placas-em-pvc	Placas em PVC	placas-em-pvc.png	IA exclusiva
placas-ps	Placas PS	placas-ps.png	IA exclusiva
postais	Postais	postais.png	IA exclusiva
qr-code	QR Code	qr-code.png	IA exclusiva
quadros-decorativos	Quadros Decorativos	quadros-decorativos.png	IA exclusiva
receituarios	Receituários	receituarios.png	IA exclusiva
revistas	Revistas	revistas.png	IA exclusiva
rotulos	Rótulos	rotulos.png	IA exclusiva
sacolas-de-papel	Sacolas de Papel	sacolas-de-papel.png	IA exclusiva
sacolas-personalizadas	Sacolas Personalizadas	sacolas-personalizadas.png	IA exclusiva
sacolas-plasticas	Sacolas Plásticas	sacolas-plasticas.png	IA exclusiva
sites	Sites	sites.png	IA exclusiva
social-media	Social Media	social-media.png	IA exclusiva
squeezes	Squeezes	squeezes.png	IA exclusiva
tags	Tags	tags.png	IA exclusiva
taloes	Talões	taloes.png	IA exclusiva
totens	Totens	totens.png	IA exclusiva
ventarolas	Ventarolas	ventarolas.png	IA exclusiva
wind-banner	Wind Banner	wind-banner.png	IA exclusiva
